equipment_id,equipment_name,process_order,section,equipment_type,is_bottleneck_candidate,is_active
1,Central Hyd System,,,Other,False,False
2,Coil Prep Sattion,2.0,ENTRY,Other,False,True
3,Common Equipment,,,Other,False,False
4,Crop Shear,10.0,CENTRE,Shear,True,True
5,Decoiler,3.0,ENTRY,Decoiler,True,True
6,Delivery Conveyor,15.0,EXIT,Conveyor/Transfer,False,True
7,Entry & Exit Feed Table,6.0,ENTRY,Guide/Support,False,True
8,Entry Guide Table,4.0,ENTRY,Guide/Support,False,True
9,Entry SnubberHold Down & Pressure Rolls,5.0,ENTRY,Roll Equipment,False,True
10,Exit Coil Car,16.0,EXIT,Coil Car,True,True
11,Farval Systems,,,Other,False,False
12,First Conveyor,12.0,EXIT,Conveyor/Transfer,False,True
13,"Flattener, Pinch & Deflator Rolls",8.0,CENTRE,Roll Equipment,False,True
14,Lube System,,,Other,False,False
15,Main Mill Hyd System,,,Mill,False,False
16,Recoiler,11.0,CENTRE,Recoiler,True,True
17,Roll Shop,,,Roll Equipment,False,False
18,Scale M65 (conveyor),14.0,EXIT,Conveyor/Transfer,True,True
19,Second Conveyor,13.0,EXIT,Conveyor/Transfer,False,True
20,Temper Mill Unit,9.0,CENTRE,Mill,True,True
